source name	characteristics[organism]	characteristics[organism part]	characteristics[organism part]	characteristics[cell type]	characteristics[cell line]	characteristics[developmental stage]	characteristics[disease]	characteristics[ancestry category]	characteristics[biological replicate]	characteristics[sex]	characteristics[age]	Material Type	assay name	Technology Type	comment[proteomexchange accession number]	comment[data file]	comment[file uri]	comment[technical replicate]	comment[fraction identifier]	comment[label]	comment[cleavage agent details]	comment[instrument]	comment[modification parameters]	comment[modification parameters]	comment[modification parameters]	comment[dissociation method]	comment[precursor mass tolerance]	comment[fragment mass tolerance]	factor value[organism part]
PXD020192-Sample-1	Homo sapiens	Brain	Frontal cortex	not applicable	not applicable	adult	Normal	not available	1	not available	not available	tissue	Frontal cortex 1	proteomic profiling by mass spectrometry	PXD020192	S1_Frontal_1.raw	ftp://ftp.pride.ebi.ac.uk/pride/data/archive/2020/10/PXD020192/S1_Frontal_1.raw	1	1	AC=MS:1002038;NT=label free sample	NT=Trypsin; AC=MS:1001251	NT=Q Exactive HF-X;AC=MS:1002877	NT=Carbamidomethyl;TA=C;MT=fixed;AC=UNIMOD:4	NT=Oxidation;MT=variable;TA=M;AC=UNIMOD:35	"NT=Deamidated;MT=Variable;TA=N,Q;AC=UNIMOD:7"	AC=MS:1000422;NT=HCD	10 ppm	0.02 Da	Frontal cortex
PXD020192-Sample-2	Homo sapiens	Brain	Frontal cortex	not applicable	not applicable	adult	Normal	not available	2	not available	not available	tissue	Frontal cortex 2	proteomic profiling by mass spectrometry	PXD020192	S2_Frontal_2.raw	ftp://ftp.pride.ebi.ac.uk/pride/data/archive/2020/10/PXD020192/S2_Frontal_2.raw	1	1	AC=MS:1002038;NT=label free sample	NT=Trypsin; AC=MS:1001251	NT=Q Exactive HF-X;AC=MS:1002877	NT=Carbamidomethyl;TA=C;MT=fixed;AC=UNIMOD:4	NT=Oxidation;MT=variable;TA=M;AC=UNIMOD:35	"NT=Deamidated;MT=Variable;TA=N,Q;AC=UNIMOD:7"	AC=MS:1000422;NT=HCD	10 ppm	0.02 Da	Frontal cortex
PXD020192-Sample-3	Homo sapiens	Brain	Parietal lobe	not applicable	not applicable	adult	Normal	not available	1	not available	not available	tissue	Parietal lobe 1	proteomic profiling by mass spectrometry	PXD020192	S3_Parietal_1.raw	ftp://ftp.pride.ebi.ac.uk/pride/data/archive/2020/10/PXD020192/S3_Parietal_1.raw	1	1	AC=MS:1002038;NT=label free sample	NT=Trypsin; AC=MS:1001251	NT=Q Exactive HF-X;AC=MS:1002877	NT=Carbamidomethyl;TA=C;MT=fixed;AC=UNIMOD:4	NT=Oxidation;MT=variable;TA=M;AC=UNIMOD:35	"NT=Deamidated;MT=Variable;TA=N,Q;AC=UNIMOD:7"	AC=MS:1000422;NT=HCD	10 ppm	0.02 Da	Parietal lobe
PXD020192-Sample-4	Homo sapiens	Brain	Parietal lobe	not applicable	not applicable	adult	Normal	not available	2	not available	not available	tissue	Parietal lobe 2	proteomic profiling by mass spectrometry	PXD020192	S4_Parietal_2.raw	ftp://ftp.pride.ebi.ac.uk/pride/data/archive/2020/10/PXD020192/S4_Parietal_2.raw	1	1	AC=MS:1002038;NT=label free sample	NT=Trypsin; AC=MS:1001251	NT=Q Exactive HF-X;AC=MS:1002877	NT=Carbamidomethyl;TA=C;MT=fixed;AC=UNIMOD:4	NT=Oxidation;MT=variable;TA=M;AC=UNIMOD:35	"NT=Deamidated;MT=Variable;TA=N,Q;AC=UNIMOD:7"	AC=MS:1000422;NT=HCD	10 ppm	0.02 Da	Parietal lobe
PXD020192-Sample-5	Homo sapiens	Brain	Temporal lobe	not applicable	not applicable	adult	Normal	not available	1	not available	not available	tissue	Temporal lobe 1	proteomic profiling by mass spectrometry	PXD020192	S5_Temporal_1.raw	ftp://ftp.pride.ebi.ac.uk/pride/data/archive/2020/10/PXD020192/S5_Temporal_1.raw	1	1	AC=MS:1002038;NT=label free sample	NT=Trypsin; AC=MS:1001251	NT=Q Exactive HF-X;AC=MS:1002877	NT=Carbamidomethyl;TA=C;MT=fixed;AC=UNIMOD:4	NT=Oxidation;MT=variable;TA=M;AC=UNIMOD:35	"NT=Deamidated;MT=Variable;TA=N,Q;AC=UNIMOD:7"	AC=MS:1000422;NT=HCD	10 ppm	0.02 Da	Temporal lobe
PXD020192-Sample-6	Homo sapiens	Brain	Temporal lobe	not applicable	not applicable	adult	Normal	not available	2	not available	not available	tissue	Temporal lobe 2	proteomic profiling by mass spectrometry	PXD020192	S6_Temporal_2.raw	ftp://ftp.pride.ebi.ac.uk/pride/data/archive/2020/10/PXD020192/S6_Temporal_2.raw	1	1	AC=MS:1002038;NT=label free sample	NT=Trypsin; AC=MS:1001251	NT=Q Exactive HF-X;AC=MS:1002877	NT=Carbamidomethyl;TA=C;MT=fixed;AC=UNIMOD:4	NT=Oxidation;MT=variable;TA=M;AC=UNIMOD:35	"NT=Deamidated;MT=Variable;TA=N,Q;AC=UNIMOD:7"	AC=MS:1000422;NT=HCD	10 ppm	0.02 Da	Temporal lobe
PXD020192-Sample-7	Homo sapiens	Brain	Occipital cortex	not applicable	not applicable	adult	Normal	not available	1	not available	not available	tissue	Occipital cortex 1	proteomic profiling by mass spectrometry	PXD020192	S7_Occipital_1.raw	ftp://ftp.pride.ebi.ac.uk/pride/data/archive/2020/10/PXD020192/S7_Occipital_1.raw	1	1	AC=MS:1002038;NT=label free sample	NT=Trypsin; AC=MS:1001251	NT=Q Exactive HF-X;AC=MS:1002877	NT=Carbamidomethyl;TA=C;MT=fixed;AC=UNIMOD:4	NT=Oxidation;MT=variable;TA=M;AC=UNIMOD:35	"NT=Deamidated;MT=Variable;TA=N,Q;AC=UNIMOD:7"	AC=MS:1000422;NT=HCD	10 ppm	0.02 Da	Occipital cortex
PXD020192-Sample-8	Homo sapiens	Brain	Occipital cortex	not applicable	not applicable	adult	Normal	not available	2	not available	not available	tissue	Occipital cortex 2	proteomic profiling by mass spectrometry	PXD020192	S8_Occipital_2.raw	ftp://ftp.pride.ebi.ac.uk/pride/data/archive/2020/10/PXD020192/S8_Occipital_2.raw	1	1	AC=MS:1002038;NT=label free sample	NT=Trypsin; AC=MS:1001251	NT=Q Exactive HF-X;AC=MS:1002877	NT=Carbamidomethyl;TA=C;MT=fixed;AC=UNIMOD:4	NT=Oxidation;MT=variable;TA=M;AC=UNIMOD:35	"NT=Deamidated;MT=Variable;TA=N,Q;AC=UNIMOD:7"	AC=MS:1000422;NT=HCD	10 ppm	0.02 Da	Occipital cortex
PXD020192-Sample-9	Homo sapiens	Brain	Cerebellum	not applicable	not applicable	adult	Normal	not available	1	not available	not available	tissue	Cerebellum 1	proteomic profiling by mass spectrometry	PXD020192	S9_Cerebellum_1.raw	ftp://ftp.pride.ebi.ac.uk/pride/data/archive/2020/10/PXD020192/S9_Cerebellum_1.raw	1	1	AC=MS:1002038;NT=label free sample	NT=Trypsin; AC=MS:1001251	NT=Q Exactive HF-X;AC=MS:1002877	NT=Carbamidomethyl;TA=C;MT=fixed;AC=UNIMOD:4	NT=Oxidation;MT=variable;TA=M;AC=UNIMOD:35	"NT=Deamidated;MT=Variable;TA=N,Q;AC=UNIMOD:7"	AC=MS:1000422;NT=HCD	10 ppm	0.02 Da	Cerebellum
PXD020192-Sample-10	Homo sapiens	Brain	Cerebellum	not applicable	not applicable	adult	Normal	not available	2	not available	not available	tissue	Cerebellum 2	proteomic profiling by mass spectrometry	PXD020192	S10_Cerebellum_2.raw	ftp://ftp.pride.ebi.ac.uk/pride/data/archive/2020/10/PXD020192/S10_Cerebellum_2.raw	1	1	AC=MS:1002038;NT=label free sample	NT=Trypsin; AC=MS:1001251	NT=Q Exactive HF-X;AC=MS:1002877	NT=Carbamidomethyl;TA=C;MT=fixed;AC=UNIMOD:4	NT=Oxidation;MT=variable;TA=M;AC=UNIMOD:35	"NT=Deamidated;MT=Variable;TA=N,Q;AC=UNIMOD:7"	AC=MS:1000422;NT=HCD	10 ppm	0.02 Da	Cerebellum
PXD020192-Sample-11	Homo sapiens	Spinal cord	Spinal cord	not applicable	not applicable	adult	Normal	not available	1	not available	not available	tissue	Spinal cord 1	proteomic profiling by mass spectrometry	PXD020192	S11_SpinalCord_1.raw	ftp://ftp.pride.ebi.ac.uk/pride/data/archive/2020/10/PXD020192/S11_SpinalCord_1.raw	1	1	AC=MS:1002038;NT=label free sample	NT=Trypsin; AC=MS:1001251	NT=Q Exactive HF-X;AC=MS:1002877	NT=Carbamidomethyl;TA=C;MT=fixed;AC=UNIMOD:4	NT=Oxidation;MT=variable;TA=M;AC=UNIMOD:35	"NT=Deamidated;MT=Variable;TA=N,Q;AC=UNIMOD:7"	AC=MS:1000422;NT=HCD	10 ppm	0.02 Da	Spinal cord
PXD020192-Sample-12	Homo sapiens	Spinal cord	Spinal cord	not applicable	not applicable	adult	Normal	not available	2	not available	not available	tissue	Spinal cord 2	proteomic profiling by mass spectrometry	PXD020192	S12_SpinalCord_2.raw	ftp://ftp.pride.ebi.ac.uk/pride/data/archive/2020/10/PXD020192/S12_SpinalCord_2.raw	1	1	AC=MS:1002038;NT=label free sample	NT=Trypsin; AC=MS:1001251	NT=Q Exactive HF-X;AC=MS:1002877	NT=Carbamidomethyl;TA=C;MT=fixed;AC=UNIMOD:4	NT=Oxidation;MT=variable;TA=M;AC=UNIMOD:35	"NT=Deamidated;MT=Variable;TA=N,Q;AC=UNIMOD:7"	AC=MS:1000422;NT=HCD	10 ppm	0.02 Da	Spinal cord
PXD020192-Sample-13	Homo sapiens	Brain	Brain	not applicable	not applicable	adult	Normal	not available	1	not available	not available	tissue	Brain 1	proteomic profiling by mass spectrometry	PXD020192	S13_Brain_1.raw	ftp://ftp.pride.ebi.ac.uk/pride/data/archive/2020/10/PXD020192/S13_Brain_1.raw	1	1	AC=MS:1002038;NT=label free sample	NT=Trypsin; AC=MS:1001251	NT=Q Exactive HF-X;AC=MS:1002877	NT=Carbamidomethyl;TA=C;MT=fixed;AC=UNIMOD:4	NT=Oxidation;MT=variable;TA=M;AC=UNIMOD:35	"NT=Deamidated;MT=Variable;TA=N,Q;AC=UNIMOD:7"	AC=MS:1000422;NT=HCD	10 ppm	0.02 Da	Brain
PXD020192-Sample-14	Homo sapiens	Brain	Brain	not applicable	not applicable	adult	Normal	not available	2	not available	not available	tissue	Brain 2	proteomic profiling by mass spectrometry	PXD020192	S14_Brain_2.raw	ftp://ftp.pride.ebi.ac.uk/pride/data/archive/2020/10/PXD020192/S14_Brain_2.raw	1	1	AC=MS:1002038;NT=label free sample	NT=Trypsin; AC=MS:1001251	NT=Q Exactive HF-X;AC=MS:1002877	NT=Carbamidomethyl;TA=C;MT=fixed;AC=UNIMOD:4	NT=Oxidation;MT=variable;TA=M;AC=UNIMOD:35	"NT=Deamidated;MT=Variable;TA=N,Q;AC=UNIMOD:7"	AC=MS:1000422;NT=HCD	10 ppm	0.02 Da	Brain
PXD020192-Sample-15	Homo sapiens	Brain	Medulla oblongata	not applicable	not applicable	adult	Normal	not available	1	not available	not available	tissue	Medulla oblongata 1	proteomic profiling by mass spectrometry	PXD020192	S15_MedullaOblongata_1.raw	ftp://ftp.pride.ebi.ac.uk/pride/data/archive/2020/10/PXD020192/S15_MedullaOblongata_1.raw	1	1	AC=MS:1002038;NT=label free sample	NT=Trypsin; AC=MS:1001251	NT=Q Exactive HF-X;AC=MS:1002877	NT=Carbamidomethyl;TA=C;MT=fixed;AC=UNIMOD:4	NT=Oxidation;MT=variable;TA=M;AC=UNIMOD:35	"NT=Deamidated;MT=Variable;TA=N,Q;AC=UNIMOD:7"	AC=MS:1000422;NT=HCD	10 ppm	0.02 Da	Medulla oblongata
PXD020192-Sample-16	Homo sapiens	Brain	Medulla oblongata	not applicable	not applicable	adult	Normal	not available	2	not available	not available	tissue	Medulla oblongata 2	proteomic profiling by mass spectrometry	PXD020192	S16_MedullaOblongata_2.raw	ftp://ftp.pride.ebi.ac.uk/pride/data/archive/2020/10/PXD020192/S16_MedullaOblongata_2.raw	1	1	AC=MS:1002038;NT=label free sample	NT=Trypsin; AC=MS:1001251	NT=Q Exactive HF-X;AC=MS:1002877	NT=Carbamidomethyl;TA=C;MT=fixed;AC=UNIMOD:4	NT=Oxidation;MT=variable;TA=M;AC=UNIMOD:35	"NT=Deamidated;MT=Variable;TA=N,Q;AC=UNIMOD:7"	AC=MS:1000422;NT=HCD	10 ppm	0.02 Da	Medulla oblongata
PXD020192-Sample-17	Homo sapiens	Placenta	Placenta	not applicable	not applicable	adult	Normal	not available	1	not available	not available	tissue	Placenta 1	proteomic profiling by mass spectrometry	PXD020192	S17_Placenta_1.raw	ftp://ftp.pride.ebi.ac.uk/pride/data/archive/2020/10/PXD020192/S17_Placenta_1.raw	1	1	AC=MS:1002038;NT=label free sample	NT=Trypsin; AC=MS:1001251	NT=Q Exactive HF-X;AC=MS:1002877	NT=Carbamidomethyl;TA=C;MT=fixed;AC=UNIMOD:4	NT=Oxidation;MT=variable;TA=M;AC=UNIMOD:35	"NT=Deamidated;MT=Variable;TA=N,Q;AC=UNIMOD:7"	AC=MS:1000422;NT=HCD	10 ppm	0.02 Da	Placenta
PXD020192-Sample-18	Homo sapiens	Placenta	Placenta	not applicable	not applicable	adult	Normal	not available	2	not available	not available	tissue	Placenta 2	proteomic profiling by mass spectrometry	PXD020192	S18_Placenta_2.raw	ftp://ftp.pride.ebi.ac.uk/pride/data/archive/2020/10/PXD020192/S18_Placenta_2.raw	1	1	AC=MS:1002038;NT=label free sample	NT=Trypsin; AC=MS:1001251	NT=Q Exactive HF-X;AC=MS:1002877	NT=Carbamidomethyl;TA=C;MT=fixed;AC=UNIMOD:4	NT=Oxidation;MT=variable;TA=M;AC=UNIMOD:35	"NT=Deamidated;MT=Variable;TA=N,Q;AC=UNIMOD:7"	AC=MS:1000422;NT=HCD	10 ppm	0.02 Da	Placenta
PXD020192-Sample-19	Homo sapiens	Uterus	Uterine endometrium	not applicable	not applicable	adult	Normal	not available	1	not available	not available	tissue	Uterine endometrium 1	proteomic profiling by mass spectrometry	PXD020192	S19_Endometrium_1.raw	ftp://ftp.pride.ebi.ac.uk/pride/data/archive/2020/10/PXD020192/S19_Endometrium_1.raw	1	1	AC=MS:1002038;NT=label free sample	NT=Trypsin; AC=MS:1001251	NT=Q Exactive HF-X;AC=MS:1002877	NT=Carbamidomethyl;TA=C;MT=fixed;AC=UNIMOD:4	NT=Oxidation;MT=variable;TA=M;AC=UNIMOD:35	"NT=Deamidated;MT=Variable;TA=N,Q;AC=UNIMOD:7"	AC=MS:1000422;NT=HCD	10 ppm	0.02 Da	Uterine endometrium
PXD020192-Sample-20	Homo sapiens	Uterus	Uterine endometrium	not applicable	not applicable	adult	Normal	not available	2	not available	not available	tissue	Uterine endometrium 2	proteomic profiling by mass spectrometry	PXD020192	S20_Endometrium_2.raw	ftp://ftp.pride.ebi.ac.uk/pride/data/archive/2020/10/PXD020192/S20_Endometrium_2.raw	1	1	AC=MS:1002038;NT=label free sample	NT=Trypsin; AC=MS:1001251	NT=Q Exactive HF-X;AC=MS:1002877	NT=Carbamidomethyl;TA=C;MT=fixed;AC=UNIMOD:4	NT=Oxidation;MT=variable;TA=M;AC=UNIMOD:35	"NT=Deamidated;MT=Variable;TA=N,Q;AC=UNIMOD:7"	AC=MS:1000422;NT=HCD	10 ppm	0.02 Da	Uterine endometrium
PXD020192-Sample-21	Homo sapiens	Adrenal gland	Adrenal gland	not applicable	not applicable	adult	Normal	not available	1	not available	not available	tissue	Adrenal gland 1	proteomic profiling by mass spectrometry	PXD020192	S21_AdrenalGland_1.raw	ftp://ftp.pride.ebi.ac.uk/pride/data/archive/2020/10/PXD020192/S21_AdrenalGland_1.raw	1	1	AC=MS:1002038;NT=label free sample	NT=Trypsin; AC=MS:1001251	NT=Q Exactive HF-X;AC=MS:1002877	NT=Carbamidomethyl;TA=C;MT=fixed;AC=UNIMOD:4	NT=Oxidation;MT=variable;TA=M;AC=UNIMOD:35	"NT=Deamidated;MT=Variable;TA=N,Q;AC=UNIMOD:7"	AC=MS:1000422;NT=HCD	10 ppm	0.02 Da	Adrenal gland
PXD020192-Sample-22	Homo sapiens	Adrenal gland	Adrenal gland	not applicable	not applicable	adult	Normal	not available	2	not available	not available	tissue	Adrenal gland 2	proteomic profiling by mass spectrometry	PXD020192	S22_AdrenalGland_2.raw	ftp://ftp.pride.ebi.ac.uk/pride/data/archive/2020/10/PXD020192/S22_AdrenalGland_2.raw	1	1	AC=MS:1002038;NT=label free sample	NT=Trypsin; AC=MS:1001251	NT=Q Exactive HF-X;AC=MS:1002877	NT=Carbamidomethyl;TA=C;MT=fixed;AC=UNIMOD:4	NT=Oxidation;MT=variable;TA=M;AC=UNIMOD:35	"NT=Deamidated;MT=Variable;TA=N,Q;AC=UNIMOD:7"	AC=MS:1000422;NT=HCD	10 ppm	0.02 Da	Adrenal gland
PXD020192-Sample-23	Homo sapiens	Appendix	Appendix	not applicable	not applicable	adult	Normal	not available	1	not available	not available	tissue	Appendix 1	proteomic profiling by mass spectrometry	PXD020192	S23_Appendix_1.raw	ftp://ftp.pride.ebi.ac.uk/pride/data/archive/2020/10/PXD020192/S23_Appendix_1.raw	1	1	AC=MS:1002038;NT=label free sample	NT=Trypsin; AC=MS:1001251	NT=Q Exactive HF-X;AC=MS:1002877	NT=Carbamidomethyl;TA=C;MT=fixed;AC=UNIMOD:4	NT=Oxidation;MT=variable;TA=M;AC=UNIMOD:35	"NT=Deamidated;MT=Variable;TA=N,Q;AC=UNIMOD:7"	AC=MS:1000422;NT=HCD	10 ppm	0.02 Da	Appendix
PXD020192-Sample-24	Homo sapiens	Appendix	Appendix	not applicable	not applicable	adult	Normal	not available	2	not available	not available	tissue	Appendix 2	proteomic profiling by mass spectrometry	PXD020192	S24_Appendix_2.raw	ftp://ftp.pride.ebi.ac.uk/pride/data/archive/2020/10/PXD020192/S24_Appendix_2.raw	1	1	AC=MS:1002038;NT=label free sample	NT=Trypsin; AC=MS:1001251	NT=Q Exactive HF-X;AC=MS:1002877	NT=Carbamidomethyl;TA=C;MT=fixed;AC=UNIMOD:4	NT=Oxidation;MT=variable;TA=M;AC=UNIMOD:35	"NT=Deamidated;MT=Variable;TA=N,Q;AC=UNIMOD:7"	AC=MS:1000422;NT=HCD	10 ppm	0.02 Da	Appendix
PXD020192-Sample-25	Homo sapiens	Lung	Lung	not applicable	not applicable	adult	Normal	not available	1	not available	not available	tissue	Lung 1	proteomic profiling by mass spectrometry	PXD020192	S25_Lung_1.raw	ftp://ftp.pride.ebi.ac.uk/pride/data/archive/2020/10/PXD020192/S25_Lung_1.raw	1	1	AC=MS:1002038;NT=label free sample	NT=Trypsin; AC=MS:1001251	NT=Q Exactive HF-X;AC=MS:1002877	NT=Carbamidomethyl;TA=C;MT=fixed;AC=UNIMOD:4	NT=Oxidation;MT=variable;TA=M;AC=UNIMOD:35	"NT=Deamidated;MT=Variable;TA=N,Q;AC=UNIMOD:7"	AC=MS:1000422;NT=HCD	10 ppm	0.02 Da	Lung
PXD020192-Sample-26	Homo sapiens	Lung	Lung	not applicable	not applicable	adult	Normal	not available	2	not available	not available	tissue	Lung 2	proteomic profiling by mass spectrometry	PXD020192	S26_Lung_2.raw	ftp://ftp.pride.ebi.ac.uk/pride/data/archive/2020/10/PXD020192/S26_Lung_2.raw	1	1	AC=MS:1002038;NT=label free sample	NT=Trypsin; AC=MS:1001251	NT=Q Exactive HF-X;AC=MS:1002877	NT=Carbamidomethyl;TA=C;MT=fixed;AC=UNIMOD:4	NT=Oxidation;MT=variable;TA=M;AC=UNIMOD:35	"NT=Deamidated;MT=Variable;TA=N,Q;AC=UNIMOD:7"	AC=MS:1000422;NT=HCD	10 ppm	0.02 Da	Lung
PXD020192-Sample-27	Homo sapiens	Liver	Liver	not applicable	not applicable	adult	Normal	not available	1	not available	not available	tissue	Liver 1	proteomic profiling by mass spectrometry	PXD020192	S27_Liver_1.raw	ftp://ftp.pride.ebi.ac.uk/pride/data/archive/2020/10/PXD020192/S27_Liver_1.raw	1	1	AC=MS:1002038;NT=label free sample	NT=Trypsin; AC=MS:1001251	NT=Q Exactive HF-X;AC=MS:1002877	NT=Carbamidomethyl;TA=C;MT=fixed;AC=UNIMOD:4	NT=Oxidation;MT=variable;TA=M;AC=UNIMOD:35	"NT=Deamidated;MT=Variable;TA=N,Q;AC=UNIMOD:7"	AC=MS:1000422;NT=HCD	10 ppm	0.02 Da	Liver
PXD020192-Sample-28	Homo sapiens	Liver	Liver	not applicable	not applicable	adult	Normal	not available	2	not available	not available	tissue	Liver 2	proteomic profiling by mass spectrometry	PXD020192	S28_Liver_2.raw	ftp://ftp.pride.ebi.ac.uk/pride/data/archive/2020/10/PXD020192/S28_Liver_2.raw	1	1	AC=MS:1002038;NT=label free sample	NT=Trypsin; AC=MS:1001251	NT=Q Exactive HF-X;AC=MS:1002877	NT=Carbamidomethyl;TA=C;MT=fixed;AC=UNIMOD:4	NT=Oxidation;MT=variable;TA=M;AC=UNIMOD:35	"NT=Deamidated;MT=Variable;TA=N,Q;AC=UNIMOD:7"	AC=MS:1000422;NT=HCD	10 ppm	0.02 Da	Liver
PXD020192-Sample-29	Homo sapiens	Heart	Heart	not applicable	not applicable	adult	Normal	not available	1	not available	not available	tissue	Heart 1	proteomic profiling by mass spectrometry	PXD020192	S29_Heart_1.raw	ftp://ftp.pride.ebi.ac.uk/pride/data/archive/2020/10/PXD020192/S29_Heart_1.raw	1	1	AC=MS:1002038;NT=label free sample	NT=Trypsin; AC=MS:1001251	NT=Q Exactive HF-X;AC=MS:1002877	NT=Carbamidomethyl;TA=C;MT=fixed;AC=UNIMOD:4	NT=Oxidation;MT=variable;TA=M;AC=UNIMOD:35	"NT=Deamidated;MT=Variable;TA=N,Q;AC=UNIMOD:7"	AC=MS:1000422;NT=HCD	10 ppm	0.02 Da	Heart
PXD020192-Sample-30	Homo sapiens	Heart	Heart	not applicable	not applicable	adult	Normal	not available	2	not available	not available	tissue	Heart 2	proteomic profiling by mass spectrometry	PXD020192	S30_Heart_2.raw	ftp://ftp.pride.ebi.ac.uk/pride/data/archive/2020/10/PXD020192/S30_Heart_2.raw	1	1	AC=MS:1002038;NT=label free sample	NT=Trypsin; AC=MS:1001251	NT=Q Exactive HF-X;AC=MS:1002877	NT=Carbamidomethyl;TA=C;MT=fixed;AC=UNIMOD:4	NT=Oxidation;MT=variable;TA=M;AC=UNIMOD:35	"NT=Deamidated;MT=Variable;TA=N,Q;AC=UNIMOD:7"	AC=MS:1000422;NT=HCD	10 ppm	0.02 Da	Heart
PXD020192-Sample-31	Homo sapiens	Colon	Colon	not applicable	not applicable	adult	Normal	not available	1	not available	not available	tissue	Colon 1	proteomic profiling by mass spectrometry	PXD020192	S31_Colon_1.raw	ftp://ftp.pride.ebi.ac.uk/pride/data/archive/2020/10/PXD020192/S31_Colon_1.raw	1	1	AC=MS:1002038;NT=label free sample	NT=Trypsin; AC=MS:1001251	NT=Q Exactive HF-X;AC=MS:1002877	NT=Carbamidomethyl;TA=C;MT=fixed;AC=UNIMOD:4	NT=Oxidation;MT=variable;TA=M;AC=UNIMOD:35	"NT=Deamidated;MT=Variable;TA=N,Q;AC=UNIMOD:7"	AC=MS:1000422;NT=HCD	10 ppm	0.02 Da	Colon
PXD020192-Sample-32	Homo sapiens	Colon	Colon	not applicable	not applicable	adult	Normal	not available	2	not available	not available	tissue	Colon 2	proteomic profiling by mass spectrometry	PXD020192	S32_Colon_2.raw	ftp://ftp.pride.ebi.ac.uk/pride/data/archive/2020/10/PXD020192/S32_Colon_2.raw	1	1	AC=MS:1002038;NT=label free sample	NT=Trypsin; AC=MS:1001251	NT=Q Exactive HF-X;AC=MS:1002877	NT=Carbamidomethyl;TA=C;MT=fixed;AC=UNIMOD:4	NT=Oxidation;MT=variable;TA=M;AC=UNIMOD:35	"NT=Deamidated;MT=Variable;TA=N,Q;AC=UNIMOD:7"	AC=MS:1000422;NT=HCD	10 ppm	0.02 Da	Colon
PXD020192-Sample-33	Homo sapiens	Esophagus	Esophagus	not applicable	not applicable	adult	Normal	not available	1	not available	not available	tissue	Esophagus 1	proteomic profiling by mass spectrometry	PXD020192	S33_Esophagus_1.raw	ftp://ftp.pride.ebi.ac.uk/pride/data/archive/2020/10/PXD020192/S33_Esophagus_1.raw	1	1	AC=MS:1002038;NT=label free sample	NT=Trypsin; AC=MS:1001251	NT=Q Exactive HF-X;AC=MS:1002877	NT=Carbamidomethyl;TA=C;MT=fixed;AC=UNIMOD:4	NT=Oxidation;MT=variable;TA=M;AC=UNIMOD:35	"NT=Deamidated;MT=Variable;TA=N,Q;AC=UNIMOD:7"	AC=MS:1000422;NT=HCD	10 ppm	0.02 Da	Esophagus
PXD020192-Sample-34	Homo sapiens	Esophagus	Esophagus	not applicable	not applicable	adult	Normal	not available	2	not available	not available	tissue	Esophagus 2	proteomic profiling by mass spectrometry	PXD020192	S34_Esophagus_2.raw	ftp://ftp.pride.ebi.ac.uk/pride/data/archive/2020/10/PXD020192/S34_Esophagus_2.raw	1	1	AC=MS:1002038;NT=label free sample	NT=Trypsin; AC=MS:1001251	NT=Q Exactive HF-X;AC=MS:1002877	NT=Carbamidomethyl;TA=C;MT=fixed;AC=UNIMOD:4	NT=Oxidation;MT=variable;TA=M;AC=UNIMOD:35	"NT=Deamidated;MT=Variable;TA=N,Q;AC=UNIMOD:7"	AC=MS:1000422;NT=HCD	10 ppm	0.02 Da	Esophagus
PXD020192-Sample-35	Homo sapiens	Stomach	Stomach	not applicable	not applicable	adult	Normal	not available	1	not available	not available	tissue	Stomach 1	proteomic profiling by mass spectrometry	PXD020192	S35_Stomach_1.raw	ftp://ftp.pride.ebi.ac.uk/pride/data/archive/2020/10/PXD020192/S35_Stomach_1.raw	1	1	AC=MS:1002038;NT=label free sample	NT=Trypsin; AC=MS:1001251	NT=Q Exactive HF-X;AC=MS:1002877	NT=Carbamidomethyl;TA=C;MT=fixed;AC=UNIMOD:4	NT=Oxidation;MT=variable;TA=M;AC=UNIMOD:35	"NT=Deamidated;MT=Variable;TA=N,Q;AC=UNIMOD:7"	AC=MS:1000422;NT=HCD	10 ppm	0.02 Da	Stomach
PXD020192-Sample-36	Homo sapiens	Stomach	Stomach	not applicable	not applicable	adult	Normal	not available	2	not available	not available	tissue	Stomach 2	proteomic profiling by mass spectrometry	PXD020192	S36_Stomach_2.raw	ftp://ftp.pride.ebi.ac.uk/pride/data/archive/2020/10/PXD020192/S36_Stomach_2.raw	1	1	AC=MS:1002038;NT=label free sample	NT=Trypsin; AC=MS:1001251	NT=Q Exactive HF-X;AC=MS:1002877	NT=Carbamidomethyl;TA=C;MT=fixed;AC=UNIMOD:4	NT=Oxidation;MT=variable;TA=M;AC=UNIMOD:35	"NT=Deamidated;MT=Variable;TA=N,Q;AC=UNIMOD:7"	AC=MS:1000422;NT=HCD	10 ppm	0.02 Da	Stomach
PXD020192-Sample-37	Homo sapiens	Small intestine	Small intestine	not applicable	not applicable	adult	Normal	not available	1	not available	not available	tissue	Small intestine 1	proteomic profiling by mass spectrometry	PXD020192	S37_SmallIntestine_1.raw	ftp://ftp.pride.ebi.ac.uk/pride/data/archive/2020/10/PXD020192/S37_SmallIntestine_1.raw	1	1	AC=MS:1002038;NT=label free sample	NT=Trypsin; AC=MS:1001251	NT=Q Exactive HF-X;AC=MS:1002877	NT=Carbamidomethyl;TA=C;MT=fixed;AC=UNIMOD:4	NT=Oxidation;MT=variable;TA=M;AC=UNIMOD:35	"NT=Deamidated;MT=Variable;TA=N,Q;AC=UNIMOD:7"	AC=MS:1000422;NT=HCD	10 ppm	0.02 Da	Small intestine
PXD020192-Sample-38	Homo sapiens	Small intestine	Small intestine	not applicable	not applicable	adult	Normal	not available	2	not available	not available	tissue	Small intestine 2	proteomic profiling by mass spectrometry	PXD020192	S38_SmallIntestine_2.raw	ftp://ftp.pride.ebi.ac.uk/pride/data/archive/2020/10/PXD020192/S38_SmallIntestine_2.raw	1	1	AC=MS:1002038;NT=label free sample	NT=Trypsin; AC=MS:1001251	NT=Q Exactive HF-X;AC=MS:1002877	NT=Carbamidomethyl;TA=C;MT=fixed;AC=UNIMOD:4	NT=Oxidation;MT=variable;TA=M;AC=UNIMOD:35	"NT=Deamidated;MT=Variable;TA=N,Q;AC=UNIMOD:7"	AC=MS:1000422;NT=HCD	10 ppm	0.02 Da	Small intestine
PXD020192-Sample-39	Homo sapiens	Trachea	Trachea	not applicable	not applicable	adult	Normal	not available	1	not available	not available	tissue	Trachea 1	proteomic profiling by mass spectrometry	PXD020192	S39_Trachea_1.raw	ftp://ftp.pride.ebi.ac.uk/pride/data/archive/2020/10/PXD020192/S39_Trachea_1.raw	1	1	AC=MS:1002038;NT=label free sample	NT=Trypsin; AC=MS:1001251	NT=Q Exactive HF-X;AC=MS:1002877	NT=Carbamidomethyl;TA=C;MT=fixed;AC=UNIMOD:4	NT=Oxidation;MT=variable;TA=M;AC=UNIMOD:35	"NT=Deamidated;MT=Variable;TA=N,Q;AC=UNIMOD:7"	AC=MS:1000422;NT=HCD	10 ppm	0.02 Da	Trachea
PXD020192-Sample-40	Homo sapiens	Trachea	Trachea	not applicable	not applicable	adult	Normal	not available	2	not available	not available	tissue	Trachea 2	proteomic profiling by mass spectrometry	PXD020192	S40_Trachea_2.raw	ftp://ftp.pride.ebi.ac.uk/pride/data/archive/2020/10/PXD020192/S40_Trachea_2.raw	1	1	AC=MS:1002038;NT=label free sample	NT=Trypsin; AC=MS:1001251	NT=Q Exactive HF-X;AC=MS:1002877	NT=Carbamidomethyl;TA=C;MT=fixed;AC=UNIMOD:4	NT=Oxidation;MT=variable;TA=M;AC=UNIMOD:35	"NT=Deamidated;MT=Variable;TA=N,Q;AC=UNIMOD:7"	AC=MS:1000422;NT=HCD	10 ppm	0.02 Da	Trachea
PXD020192-Sample-41	Homo sapiens	Kidney	Kidney	not applicable	not applicable	adult	Normal	not available	1	not available	not available	tissue	Kidney 1	proteomic profiling by mass spectrometry	PXD020192	S41_Kidney_1.raw	ftp://ftp.pride.ebi.ac.uk/pride/data/archive/2020/10/PXD020192/S41_Kidney_1.raw	1	1	AC=MS:1002038;NT=label free sample	NT=Trypsin; AC=MS:1001251	NT=Q Exactive HF-X;AC=MS:1002877	NT=Carbamidomethyl;TA=C;MT=fixed;AC=UNIMOD:4	NT=Oxidation;MT=variable;TA=M;AC=UNIMOD:35	"NT=Deamidated;MT=Variable;TA=N,Q;AC=UNIMOD:7"	AC=MS:1000422;NT=HCD	10 ppm	0.02 Da	Kidney
PXD020192-Sample-42	Homo sapiens	Kidney	Kidney	not applicable	not applicable	adult	Normal	not available	2	not available	not available	tissue	Kidney 2	proteomic profiling by mass spectrometry	PXD020192	S42_Kidney_2.raw	ftp://ftp.pride.ebi.ac.uk/pride/data/archive/2020/10/PXD020192/S42_Kidney_2.raw	1	1	AC=MS:1002038;NT=label free sample	NT=Trypsin; AC=MS:1001251	NT=Q Exactive HF-X;AC=MS:1002877	NT=Carbamidomethyl;TA=C;MT=fixed;AC=UNIMOD:4	NT=Oxidation;MT=variable;TA=M;AC=UNIMOD:35	"NT=Deamidated;MT=Variable;TA=N,Q;AC=UNIMOD:7"	AC=MS:1000422;NT=HCD	10 ppm	0.02 Da	Kidney
PXD020192-Sample-43	Homo sapiens	Cervix	Cervix	not applicable	not applicable	adult	Normal	not available	1	not available	not available	tissue	Cervix 1	proteomic profiling by mass spectrometry	PXD020192	S43_Cervix_1.raw	ftp://ftp.pride.ebi.ac.uk/pride/data/archive/2020/10/PXD020192/S43_Cervix_1.raw	1	1	AC=MS:1002038;NT=label free sample	NT=Trypsin; AC=MS:1001251	NT=Q Exactive HF-X;AC=MS:1002877	NT=Carbamidomethyl;TA=C;MT=fixed;AC=UNIMOD:4	NT=Oxidation;MT=variable;TA=M;AC=UNIMOD:35	"NT=Deamidated;MT=Variable;TA=N,Q;AC=UNIMOD:7"	AC=MS:1000422;NT=HCD	10 ppm	0.02 Da	Cervix
PXD020192-Sample-44	Homo sapiens	Cervix	Cervix	not applicable	not applicable	adult	Normal	not available	2	not available	not available	tissue	Cervix 2	proteomic profiling by mass spectrometry	PXD020192	S44_Cervix_2.raw	ftp://ftp.pride.ebi.ac.uk/pride/data/archive/2020/10/PXD020192/S44_Cervix_2.raw	1	1	AC=MS:1002038;NT=label free sample	NT=Trypsin; AC=MS:1001251	NT=Q Exactive HF-X;AC=MS:1002877	NT=Carbamidomethyl;TA=C;MT=fixed;AC=UNIMOD:4	NT=Oxidation;MT=variable;TA=M;AC=UNIMOD:35	"NT=Deamidated;MT=Variable;TA=N,Q;AC=UNIMOD:7"	AC=MS:1000422;NT=HCD	10 ppm	0.02 Da	Cervix
PXD020192-Sample-45	Homo sapiens	Bladder	Bladder	not applicable	not applicable	adult	Normal	not available	1	not available	not available	tissue	Bladder 1	proteomic profiling by mass spectrometry	PXD020192	S45_Bladder_1_20200129213259.raw	ftp://ftp.pride.ebi.ac.uk/pride/data/archive/2020/10/PXD020192/S45_Bladder_1_20200129213259.raw	1	1	AC=MS:1002038;NT=label free sample	NT=Trypsin; AC=MS:1001251	NT=Q Exactive HF-X;AC=MS:1002877	NT=Carbamidomethyl;TA=C;MT=fixed;AC=UNIMOD:4	NT=Oxidation;MT=variable;TA=M;AC=UNIMOD:35	"NT=Deamidated;MT=Variable;TA=N,Q;AC=UNIMOD:7"	AC=MS:1000422;NT=HCD	10 ppm	0.02 Da	Bladder
PXD020192-Sample-46	Homo sapiens	Bladder	Bladder	not applicable	not applicable	adult	Normal	not available	2	not available	not available	tissue	Bladder 2	proteomic profiling by mass spectrometry	PXD020192	S46_Bladder_2.raw	ftp://ftp.pride.ebi.ac.uk/pride/data/archive/2020/10/PXD020192/S46_Bladder_2.raw	1	1	AC=MS:1002038;NT=label free sample	NT=Trypsin; AC=MS:1001251	NT=Q Exactive HF-X;AC=MS:1002877	NT=Carbamidomethyl;TA=C;MT=fixed;AC=UNIMOD:4	NT=Oxidation;MT=variable;TA=M;AC=UNIMOD:35	"NT=Deamidated;MT=Variable;TA=N,Q;AC=UNIMOD:7"	AC=MS:1000422;NT=HCD	10 ppm	0.02 Da	Bladder
PXD020192-Sample-47	Homo sapiens	Breast	Breast	not applicable	not applicable	adult	Normal	not available	1	not available	not available	tissue	Breast 1	proteomic profiling by mass spectrometry	PXD020192	S47_Breast_1.raw	ftp://ftp.pride.ebi.ac.uk/pride/data/archive/2020/10/PXD020192/S47_Breast_1.raw	1	1	AC=MS:1002038;NT=label free sample	NT=Trypsin; AC=MS:1001251	NT=Q Exactive HF-X;AC=MS:1002877	NT=Carbamidomethyl;TA=C;MT=fixed;AC=UNIMOD:4	NT=Oxidation;MT=variable;TA=M;AC=UNIMOD:35	"NT=Deamidated;MT=Variable;TA=N,Q;AC=UNIMOD:7"	AC=MS:1000422;NT=HCD	10 ppm	0.02 Da	Breast
PXD020192-Sample-48	Homo sapiens	Breast	Breast	not applicable	not applicable	adult	Normal	not available	2	not available	not available	tissue	Breast 2	proteomic profiling by mass spectrometry	PXD020192	S48_Breast_2.raw	ftp://ftp.pride.ebi.ac.uk/pride/data/archive/2020/10/PXD020192/S48_Breast_2.raw	1	1	AC=MS:1002038;NT=label free sample	NT=Trypsin; AC=MS:1001251	NT=Q Exactive HF-X;AC=MS:1002877	NT=Carbamidomethyl;TA=C;MT=fixed;AC=UNIMOD:4	NT=Oxidation;MT=variable;TA=M;AC=UNIMOD:35	"NT=Deamidated;MT=Variable;TA=N,Q;AC=UNIMOD:7"	AC=MS:1000422;NT=HCD	10 ppm	0.02 Da	Breast
PXD020192-Sample-49	Homo sapiens	Spleen	Spleen	not applicable	not applicable	adult	Normal	not available	1	not available	not available	tissue	Spleen 1	proteomic profiling by mass spectrometry	PXD020192	S49_Spleen_1.raw	ftp://ftp.pride.ebi.ac.uk/pride/data/archive/2020/10/PXD020192/S49_Spleen_1.raw	1	1	AC=MS:1002038;NT=label free sample	NT=Trypsin; AC=MS:1001251	NT=Q Exactive HF-X;AC=MS:1002877	NT=Carbamidomethyl;TA=C;MT=fixed;AC=UNIMOD:4	NT=Oxidation;MT=variable;TA=M;AC=UNIMOD:35	"NT=Deamidated;MT=Variable;TA=N,Q;AC=UNIMOD:7"	AC=MS:1000422;NT=HCD	10 ppm	0.02 Da	Spleen
PXD020192-Sample-50	Homo sapiens	Spleen	Spleen	not applicable	not applicable	adult	Normal	not available	2	not available	not available	tissue	Spleen 2	proteomic profiling by mass spectrometry	PXD020192	S50_Spleen_2.raw	ftp://ftp.pride.ebi.ac.uk/pride/data/archive/2020/10/PXD020192/S50_Spleen_2.raw	1	1	AC=MS:1002038;NT=label free sample	NT=Trypsin; AC=MS:1001251	NT=Q Exactive HF-X;AC=MS:1002877	NT=Carbamidomethyl;TA=C;MT=fixed;AC=UNIMOD:4	NT=Oxidation;MT=variable;TA=M;AC=UNIMOD:35	"NT=Deamidated;MT=Variable;TA=N,Q;AC=UNIMOD:7"	AC=MS:1000422;NT=HCD	10 ppm	0.02 Da	Spleen
PXD020192-Sample-51	Homo sapiens	Duodenum	Duodenum	not applicable	not applicable	adult	Normal	not available	1	not available	not available	tissue	Duodenum 1	proteomic profiling by mass spectrometry	PXD020192	S51_Duodenum_1.raw	ftp://ftp.pride.ebi.ac.uk/pride/data/archive/2020/10/PXD020192/S51_Duodenum_1.raw	1	1	AC=MS:1002038;NT=label free sample	NT=Trypsin; AC=MS:1001251	NT=Q Exactive HF-X;AC=MS:1002877	NT=Carbamidomethyl;TA=C;MT=fixed;AC=UNIMOD:4	NT=Oxidation;MT=variable;TA=M;AC=UNIMOD:35	"NT=Deamidated;MT=Variable;TA=N,Q;AC=UNIMOD:7"	AC=MS:1000422;NT=HCD	10 ppm	0.02 Da	Duodenum
PXD020192-Sample-52	Homo sapiens	Duodenum	Duodenum	not applicable	not applicable	adult	Normal	not available	2	not available	not available	tissue	Duodenum 2	proteomic profiling by mass spectrometry	PXD020192	S52_Duodenum_2.raw	ftp://ftp.pride.ebi.ac.uk/pride/data/archive/2020/10/PXD020192/S52_Duodenum_2.raw	1	1	AC=MS:1002038;NT=label free sample	NT=Trypsin; AC=MS:1001251	NT=Q Exactive HF-X;AC=MS:1002877	NT=Carbamidomethyl;TA=C;MT=fixed;AC=UNIMOD:4	NT=Oxidation;MT=variable;TA=M;AC=UNIMOD:35	"NT=Deamidated;MT=Variable;TA=N,Q;AC=UNIMOD:7"	AC=MS:1000422;NT=HCD	10 ppm	0.02 Da	Duodenum
PXD020192-Sample-53	Homo sapiens	Uterus	Uterus	not applicable	not applicable	adult	Normal	not available	1	not available	not available	tissue	Uterus 1	proteomic profiling by mass spectrometry	PXD020192	S53_Uterus_1.raw	ftp://ftp.pride.ebi.ac.uk/pride/data/archive/2020/10/PXD020192/S53_Uterus_1.raw	1	1	AC=MS:1002038;NT=label free sample	NT=Trypsin; AC=MS:1001251	NT=Q Exactive HF-X;AC=MS:1002877	NT=Carbamidomethyl;TA=C;MT=fixed;AC=UNIMOD:4	NT=Oxidation;MT=variable;TA=M;AC=UNIMOD:35	"NT=Deamidated;MT=Variable;TA=N,Q;AC=UNIMOD:7"	AC=MS:1000422;NT=HCD	10 ppm	0.02 Da	Uterus
PXD020192-Sample-54	Homo sapiens	Uterus	Uterus	not applicable	not applicable	adult	Normal	not available	2	not available	not available	tissue	Uterus 2	proteomic profiling by mass spectrometry	PXD020192	S54_Uterus_2.raw	ftp://ftp.pride.ebi.ac.uk/pride/data/archive/2020/10/PXD020192/S54_Uterus_2.raw	1	1	AC=MS:1002038;NT=label free sample	NT=Trypsin; AC=MS:1001251	NT=Q Exactive HF-X;AC=MS:1002877	NT=Carbamidomethyl;TA=C;MT=fixed;AC=UNIMOD:4	NT=Oxidation;MT=variable;TA=M;AC=UNIMOD:35	"NT=Deamidated;MT=Variable;TA=N,Q;AC=UNIMOD:7"	AC=MS:1000422;NT=HCD	10 ppm	0.02 Da	Uterus
PXD020192-Sample-55	Homo sapiens	Gallbladder	Gallbladder	not applicable	not applicable	adult	Normal	not available	1	not available	not available	tissue	Gallbladder 1	proteomic profiling by mass spectrometry	PXD020192	S55_Gallbladder_1.raw	ftp://ftp.pride.ebi.ac.uk/pride/data/archive/2020/10/PXD020192/S55_Gallbladder_1.raw	1	1	AC=MS:1002038;NT=label free sample	NT=Trypsin; AC=MS:1001251	NT=Q Exactive HF-X;AC=MS:1002877	NT=Carbamidomethyl;TA=C;MT=fixed;AC=UNIMOD:4	NT=Oxidation;MT=variable;TA=M;AC=UNIMOD:35	"NT=Deamidated;MT=Variable;TA=N,Q;AC=UNIMOD:7"	AC=MS:1000422;NT=HCD	10 ppm	0.02 Da	Gallbladder
PXD020192-Sample-56	Homo sapiens	Gallbladder	Gallbladder	not applicable	not applicable	adult	Normal	not available	2	not available	not available	tissue	Gallbladder 2	proteomic profiling by mass spectrometry	PXD020192	S56_Gallbladder_2.raw	ftp://ftp.pride.ebi.ac.uk/pride/data/archive/2020/10/PXD020192/S56_Gallbladder_2.raw	1	1	AC=MS:1002038;NT=label free sample	NT=Trypsin; AC=MS:1001251	NT=Q Exactive HF-X;AC=MS:1002877	NT=Carbamidomethyl;TA=C;MT=fixed;AC=UNIMOD:4	NT=Oxidation;MT=variable;TA=M;AC=UNIMOD:35	"NT=Deamidated;MT=Variable;TA=N,Q;AC=UNIMOD:7"	AC=MS:1000422;NT=HCD	10 ppm	0.02 Da	Gallbladder
PXD020192-Sample-57	Homo sapiens	Ureter	Ureter	not applicable	not applicable	adult	Normal	not available	1	not available	not available	tissue	Ureter 1	proteomic profiling by mass spectrometry	PXD020192	S57_Ureter_1.raw	ftp://ftp.pride.ebi.ac.uk/pride/data/archive/2020/10/PXD020192/S57_Ureter_1.raw	1	1	AC=MS:1002038;NT=label free sample	NT=Trypsin; AC=MS:1001251	NT=Q Exactive HF-X;AC=MS:1002877	NT=Carbamidomethyl;TA=C;MT=fixed;AC=UNIMOD:4	NT=Oxidation;MT=variable;TA=M;AC=UNIMOD:35	"NT=Deamidated;MT=Variable;TA=N,Q;AC=UNIMOD:7"	AC=MS:1000422;NT=HCD	10 ppm	0.02 Da	Ureter
PXD020192-Sample-58	Homo sapiens	Ureter	Ureter	not applicable	not applicable	adult	Normal	not available	2	not available	not available	tissue	Ureter 2	proteomic profiling by mass spectrometry	PXD020192	S58_Ureter_2.raw	ftp://ftp.pride.ebi.ac.uk/pride/data/archive/2020/10/PXD020192/S58_Ureter_2.raw	1	1	AC=MS:1002038;NT=label free sample	NT=Trypsin; AC=MS:1001251	NT=Q Exactive HF-X;AC=MS:1002877	NT=Carbamidomethyl;TA=C;MT=fixed;AC=UNIMOD:4	NT=Oxidation;MT=variable;TA=M;AC=UNIMOD:35	"NT=Deamidated;MT=Variable;TA=N,Q;AC=UNIMOD:7"	AC=MS:1000422;NT=HCD	10 ppm	0.02 Da	Ureter
PXD020192-Sample-59	Homo sapiens	Thyroid	Thyroid	not applicable	not applicable	adult	Normal	not available	1	not available	not available	tissue	Thyroid 1	proteomic profiling by mass spectrometry	PXD020192	S59_Thyroid_1.raw	ftp://ftp.pride.ebi.ac.uk/pride/data/archive/2020/10/PXD020192/S59_Thyroid_1.raw	1	1	AC=MS:1002038;NT=label free sample	NT=Trypsin; AC=MS:1001251	NT=Q Exactive HF-X;AC=MS:1002877	NT=Carbamidomethyl;TA=C;MT=fixed;AC=UNIMOD:4	NT=Oxidation;MT=variable;TA=M;AC=UNIMOD:35	"NT=Deamidated;MT=Variable;TA=N,Q;AC=UNIMOD:7"	AC=MS:1000422;NT=HCD	10 ppm	0.02 Da	Thyroid
PXD020192-Sample-60	Homo sapiens	Thyroid	Thyroid	not applicable	not applicable	adult	Normal	not available	2	not available	not available	tissue	Thyroid 2	proteomic profiling by mass spectrometry	PXD020192	S60_Thyroid_2.raw	ftp://ftp.pride.ebi.ac.uk/pride/data/archive/2020/10/PXD020192/S60_Thyroid_2.raw	1	1	AC=MS:1002038;NT=label free sample	NT=Trypsin; AC=MS:1001251	NT=Q Exactive HF-X;AC=MS:1002877	NT=Carbamidomethyl;TA=C;MT=fixed;AC=UNIMOD:4	NT=Oxidation;MT=variable;TA=M;AC=UNIMOD:35	"NT=Deamidated;MT=Variable;TA=N,Q;AC=UNIMOD:7"	AC=MS:1000422;NT=HCD	10 ppm	0.02 Da	Thyroid
PXD020192-Sample-61	Homo sapiens	Pancreas	Pancreas	not applicable	not applicable	adult	Normal	not available	1	not available	not available	tissue	Pancreas 1	proteomic profiling by mass spectrometry	PXD020192	S61_Pancreas_1.raw	ftp://ftp.pride.ebi.ac.uk/pride/data/archive/2020/10/PXD020192/S61_Pancreas_1.raw	1	1	AC=MS:1002038;NT=label free sample	NT=Trypsin; AC=MS:1001251	NT=Q Exactive HF-X;AC=MS:1002877	NT=Carbamidomethyl;TA=C;MT=fixed;AC=UNIMOD:4	NT=Oxidation;MT=variable;TA=M;AC=UNIMOD:35	"NT=Deamidated;MT=Variable;TA=N,Q;AC=UNIMOD:7"	AC=MS:1000422;NT=HCD	10 ppm	0.02 Da	Pancreas
PXD020192-Sample-62	Homo sapiens	Pancreas	Pancreas	not applicable	not applicable	adult	Normal	not available	2	not available	not available	tissue	Pancreas 2	proteomic profiling by mass spectrometry	PXD020192	S62_Pancreas_2.raw	ftp://ftp.pride.ebi.ac.uk/pride/data/archive/2020/10/PXD020192/S62_Pancreas_2.raw	1	1	AC=MS:1002038;NT=label free sample	NT=Trypsin; AC=MS:1001251	NT=Q Exactive HF-X;AC=MS:1002877	NT=Carbamidomethyl;TA=C;MT=fixed;AC=UNIMOD:4	NT=Oxidation;MT=variable;TA=M;AC=UNIMOD:35	"NT=Deamidated;MT=Variable;TA=N,Q;AC=UNIMOD:7"	AC=MS:1000422;NT=HCD	10 ppm	0.02 Da	Pancreas
PXD020192-Sample-63	Homo sapiens	Adipose tissue	Adipose tissue	not applicable	not applicable	adult	Normal	not available	1	not available	not available	tissue	Adipose tissue 1	proteomic profiling by mass spectrometry	PXD020192	S63_AdiposeTissue_1.raw	ftp://ftp.pride.ebi.ac.uk/pride/data/archive/2020/10/PXD020192/S63_AdiposeTissue_1.raw	1	1	AC=MS:1002038;NT=label free sample	NT=Trypsin; AC=MS:1001251	NT=Q Exactive HF-X;AC=MS:1002877	NT=Carbamidomethyl;TA=C;MT=fixed;AC=UNIMOD:4	NT=Oxidation;MT=variable;TA=M;AC=UNIMOD:35	"NT=Deamidated;MT=Variable;TA=N,Q;AC=UNIMOD:7"	AC=MS:1000422;NT=HCD	10 ppm	0.02 Da	Adipose tissue
PXD020192-Sample-64	Homo sapiens	Adipose tissue	Adipose tissue	not applicable	not applicable	adult	Normal	not available	2	not available	not available	tissue	Adipose tissue 2	proteomic profiling by mass spectrometry	PXD020192	S64_AdiposeTissue_2.raw	ftp://ftp.pride.ebi.ac.uk/pride/data/archive/2020/10/PXD020192/S64_AdiposeTissue_2.raw	1	1	AC=MS:1002038;NT=label free sample	NT=Trypsin; AC=MS:1001251	NT=Q Exactive HF-X;AC=MS:1002877	NT=Carbamidomethyl;TA=C;MT=fixed;AC=UNIMOD:4	NT=Oxidation;MT=variable;TA=M;AC=UNIMOD:35	"NT=Deamidated;MT=Variable;TA=N,Q;AC=UNIMOD:7"	AC=MS:1000422;NT=HCD	10 ppm	0.02 Da	Adipose tissue
PXD020192-Sample-65	Homo sapiens	Lymph node	Lymph node	not applicable	not applicable	adult	Normal	not available	1	not available	not available	tissue	Lymph node 1	proteomic profiling by mass spectrometry	PXD020192	S65_LymphNode_1.raw	ftp://ftp.pride.ebi.ac.uk/pride/data/archive/2020/10/PXD020192/S65_LymphNode_1.raw	1	1	AC=MS:1002038;NT=label free sample	NT=Trypsin; AC=MS:1001251	NT=Q Exactive HF-X;AC=MS:1002877	NT=Carbamidomethyl;TA=C;MT=fixed;AC=UNIMOD:4	NT=Oxidation;MT=variable;TA=M;AC=UNIMOD:35	"NT=Deamidated;MT=Variable;TA=N,Q;AC=UNIMOD:7"	AC=MS:1000422;NT=HCD	10 ppm	0.02 Da	Lymph node
PXD020192-Sample-66	Homo sapiens	Lymph node	Lymph node	not applicable	not applicable	adult	Normal	not available	2	not available	not available	tissue	Lymph node 2	proteomic profiling by mass spectrometry	PXD020192	S66_LymphNode_2.raw	ftp://ftp.pride.ebi.ac.uk/pride/data/archive/2020/10/PXD020192/S66_LymphNode_2.raw	1	1	AC=MS:1002038;NT=label free sample	NT=Trypsin; AC=MS:1001251	NT=Q Exactive HF-X;AC=MS:1002877	NT=Carbamidomethyl;TA=C;MT=fixed;AC=UNIMOD:4	NT=Oxidation;MT=variable;TA=M;AC=UNIMOD:35	"NT=Deamidated;MT=Variable;TA=N,Q;AC=UNIMOD:7"	AC=MS:1000422;NT=HCD	10 ppm	0.02 Da	Lymph node
PXD020192-Sample-67	Homo sapiens	Salivary gland	Salivary gland	not applicable	not applicable	adult	Normal	not available	1	not available	not available	tissue	Salivary gland 1	proteomic profiling by mass spectrometry	PXD020192	S67_SalivaryGland_1.raw	ftp://ftp.pride.ebi.ac.uk/pride/data/archive/2020/10/PXD020192/S67_SalivaryGland_1.raw	1	1	AC=MS:1002038;NT=label free sample	NT=Trypsin; AC=MS:1001251	NT=Q Exactive HF-X;AC=MS:1002877	NT=Carbamidomethyl;TA=C;MT=fixed;AC=UNIMOD:4	NT=Oxidation;MT=variable;TA=M;AC=UNIMOD:35	"NT=Deamidated;MT=Variable;TA=N,Q;AC=UNIMOD:7"	AC=MS:1000422;NT=HCD	10 ppm	0.02 Da	Salivary gland
PXD020192-Sample-68	Homo sapiens	Salivary gland	Salivary gland	not applicable	not applicable	adult	Normal	not available	2	not available	not available	tissue	Salivary gland 2	proteomic profiling by mass spectrometry	PXD020192	S68_SalivaryGland_2.raw	ftp://ftp.pride.ebi.ac.uk/pride/data/archive/2020/10/PXD020192/S68_SalivaryGland_2.raw	1	1	AC=MS:1002038;NT=label free sample	NT=Trypsin; AC=MS:1001251	NT=Q Exactive HF-X;AC=MS:1002877	NT=Carbamidomethyl;TA=C;MT=fixed;AC=UNIMOD:4	NT=Oxidation;MT=variable;TA=M;AC=UNIMOD:35	"NT=Deamidated;MT=Variable;TA=N,Q;AC=UNIMOD:7"	AC=MS:1000422;NT=HCD	10 ppm	0.02 Da	Salivary gland
PXD020192-Sample-69	Homo sapiens	Skeletal muscle	Skeletal muscle	not applicable	not applicable	adult	Normal	not available	1	not available	not available	tissue	Skeletal muscle 1	proteomic profiling by mass spectrometry	PXD020192	S69_SkeletalMuscle_1.raw	ftp://ftp.pride.ebi.ac.uk/pride/data/archive/2020/10/PXD020192/S69_SkeletalMuscle_1.raw	1	1	AC=MS:1002038;NT=label free sample	NT=Trypsin; AC=MS:1001251	NT=Q Exactive HF-X;AC=MS:1002877	NT=Carbamidomethyl;TA=C;MT=fixed;AC=UNIMOD:4	NT=Oxidation;MT=variable;TA=M;AC=UNIMOD:35	"NT=Deamidated;MT=Variable;TA=N,Q;AC=UNIMOD:7"	AC=MS:1000422;NT=HCD	10 ppm	0.02 Da	Skeletal muscle
PXD020192-Sample-70	Homo sapiens	Skeletal muscle	Skeletal muscle	not applicable	not applicable	adult	Normal	not available	2	not available	not available	tissue	Skeletal muscle 2	proteomic profiling by mass spectrometry	PXD020192	S70_SkeletalMuscle_2.raw	ftp://ftp.pride.ebi.ac.uk/pride/data/archive/2020/10/PXD020192/S70_SkeletalMuscle_2.raw	1	1	AC=MS:1002038;NT=label free sample	NT=Trypsin; AC=MS:1001251	NT=Q Exactive HF-X;AC=MS:1002877	NT=Carbamidomethyl;TA=C;MT=fixed;AC=UNIMOD:4	NT=Oxidation;MT=variable;TA=M;AC=UNIMOD:35	"NT=Deamidated;MT=Variable;TA=N,Q;AC=UNIMOD:7"	AC=MS:1000422;NT=HCD	10 ppm	0.02 Da	Skeletal muscle
PXD020192-Sample-71	Homo sapiens	Prostate	Prostate	not applicable	not applicable	adult	Normal	not available	1	not available	not available	tissue	Prostate 1	proteomic profiling by mass spectrometry	PXD020192	S71_Prostate_1.raw	ftp://ftp.pride.ebi.ac.uk/pride/data/archive/2020/10/PXD020192/S71_Prostate_1.raw	1	1	AC=MS:1002038;NT=label free sample	NT=Trypsin; AC=MS:1001251	NT=Q Exactive HF-X;AC=MS:1002877	NT=Carbamidomethyl;TA=C;MT=fixed;AC=UNIMOD:4	NT=Oxidation;MT=variable;TA=M;AC=UNIMOD:35	"NT=Deamidated;MT=Variable;TA=N,Q;AC=UNIMOD:7"	AC=MS:1000422;NT=HCD	10 ppm	0.02 Da	Prostate
PXD020192-Sample-72	Homo sapiens	Prostate	Prostate	not applicable	not applicable	adult	Normal	not available	2	not available	not available	tissue	Prostate 2	proteomic profiling by mass spectrometry	PXD020192	S72_Prostate_2.raw	ftp://ftp.pride.ebi.ac.uk/pride/data/archive/2020/10/PXD020192/S72_Prostate_2.raw	1	1	AC=MS:1002038;NT=label free sample	NT=Trypsin; AC=MS:1001251	NT=Q Exactive HF-X;AC=MS:1002877	NT=Carbamidomethyl;TA=C;MT=fixed;AC=UNIMOD:4	NT=Oxidation;MT=variable;TA=M;AC=UNIMOD:35	"NT=Deamidated;MT=Variable;TA=N,Q;AC=UNIMOD:7"	AC=MS:1000422;NT=HCD	10 ppm	0.02 Da	Prostate
PXD020192-Sample-73	Homo sapiens	Seminal vesicle	Seminal vesicle	not applicable	not applicable	adult	Normal	not available	1	not available	not available	tissue	Seminal vesicle 1	proteomic profiling by mass spectrometry	PXD020192	S73_SeminalVesicle_1.raw	ftp://ftp.pride.ebi.ac.uk/pride/data/archive/2020/10/PXD020192/S73_SeminalVesicle_1.raw	1	1	AC=MS:1002038;NT=label free sample	NT=Trypsin; AC=MS:1001251	NT=Q Exactive HF-X;AC=MS:1002877	NT=Carbamidomethyl;TA=C;MT=fixed;AC=UNIMOD:4	NT=Oxidation;MT=variable;TA=M;AC=UNIMOD:35	"NT=Deamidated;MT=Variable;TA=N,Q;AC=UNIMOD:7"	AC=MS:1000422;NT=HCD	10 ppm	0.02 Da	Seminal vesicle
PXD020192-Sample-74	Homo sapiens	Seminal vesicle	Seminal vesicle	not applicable	not applicable	adult	Normal	not available	2	not available	not available	tissue	Seminal vesicle 2	proteomic profiling by mass spectrometry	PXD020192	S74_SeminalVesicle_2.raw	ftp://ftp.pride.ebi.ac.uk/pride/data/archive/2020/10/PXD020192/S74_SeminalVesicle_2.raw	1	1	AC=MS:1002038;NT=label free sample	NT=Trypsin; AC=MS:1001251	NT=Q Exactive HF-X;AC=MS:1002877	NT=Carbamidomethyl;TA=C;MT=fixed;AC=UNIMOD:4	NT=Oxidation;MT=variable;TA=M;AC=UNIMOD:35	"NT=Deamidated;MT=Variable;TA=N,Q;AC=UNIMOD:7"	AC=MS:1000422;NT=HCD	10 ppm	0.02 Da	Seminal vesicle
PXD020192-Sample-75	Homo sapiens	Testis	Testis	not applicable	not applicable	adult	Normal	not available	1	not available	not available	tissue	Testis 1	proteomic profiling by mass spectrometry	PXD020192	S75_Testis_1.raw	ftp://ftp.pride.ebi.ac.uk/pride/data/archive/2020/10/PXD020192/S75_Testis_1.raw	1	1	AC=MS:1002038;NT=label free sample	NT=Trypsin; AC=MS:1001251	NT=Q Exactive HF-X;AC=MS:1002877	NT=Carbamidomethyl;TA=C;MT=fixed;AC=UNIMOD:4	NT=Oxidation;MT=variable;TA=M;AC=UNIMOD:35	"NT=Deamidated;MT=Variable;TA=N,Q;AC=UNIMOD:7"	AC=MS:1000422;NT=HCD	10 ppm	0.02 Da	Testis
PXD020192-Sample-76	Homo sapiens	Testis	Testis	not applicable	not applicable	adult	Normal	not available	2	not available	not available	tissue	Testis 2	proteomic profiling by mass spectrometry	PXD020192	S76_Testis_2.raw	ftp://ftp.pride.ebi.ac.uk/pride/data/archive/2020/10/PXD020192/S76_Testis_2.raw	1	1	AC=MS:1002038;NT=label free sample	NT=Trypsin; AC=MS:1001251	NT=Q Exactive HF-X;AC=MS:1002877	NT=Carbamidomethyl;TA=C;MT=fixed;AC=UNIMOD:4	NT=Oxidation;MT=variable;TA=M;AC=UNIMOD:35	"NT=Deamidated;MT=Variable;TA=N,Q;AC=UNIMOD:7"	AC=MS:1000422;NT=HCD	10 ppm	0.02 Da	Testis
PXD020192-Sample-77	Homo sapiens	Epididymis	Epididymis	not applicable	not applicable	adult	Normal	not available	1	not available	not available	tissue	Epididymis 1	proteomic profiling by mass spectrometry	PXD020192	S77_Epidymis_1.raw	ftp://ftp.pride.ebi.ac.uk/pride/data/archive/2020/10/PXD020192/S77_Epidymis_1.raw	1	1	AC=MS:1002038;NT=label free sample	NT=Trypsin; AC=MS:1001251	NT=Q Exactive HF-X;AC=MS:1002877	NT=Carbamidomethyl;TA=C;MT=fixed;AC=UNIMOD:4	NT=Oxidation;MT=variable;TA=M;AC=UNIMOD:35	"NT=Deamidated;MT=Variable;TA=N,Q;AC=UNIMOD:7"	AC=MS:1000422;NT=HCD	10 ppm	0.02 Da	Epidymis
PXD020192-Sample-78	Homo sapiens	Epididymis	Epididymis	not applicable	not applicable	adult	Normal	not available	2	not available	not available	tissue	Epididymis 2	proteomic profiling by mass spectrometry	PXD020192	S78_Epidymis_2.raw	ftp://ftp.pride.ebi.ac.uk/pride/data/archive/2020/10/PXD020192/S78_Epidymis_2.raw	1	1	AC=MS:1002038;NT=label free sample	NT=Trypsin; AC=MS:1001251	NT=Q Exactive HF-X;AC=MS:1002877	NT=Carbamidomethyl;TA=C;MT=fixed;AC=UNIMOD:4	NT=Oxidation;MT=variable;TA=M;AC=UNIMOD:35	"NT=Deamidated;MT=Variable;TA=N,Q;AC=UNIMOD:7"	AC=MS:1000422;NT=HCD	10 ppm	0.02 Da	Epidymis
PXD020192-Sample-79	Homo sapiens	Anus	Anus	not applicable	not applicable	adult	Normal	not available	1	not available	not available	tissue	Anus 1	proteomic profiling by mass spectrometry	PXD020192	S79_Anus_1.raw	ftp://ftp.pride.ebi.ac.uk/pride/data/archive/2020/10/PXD020192/S79_Anus_1.raw	1	1	AC=MS:1002038;NT=label free sample	NT=Trypsin; AC=MS:1001251	NT=Q Exactive HF-X;AC=MS:1002877	NT=Carbamidomethyl;TA=C;MT=fixed;AC=UNIMOD:4	NT=Oxidation;MT=variable;TA=M;AC=UNIMOD:35	"NT=Deamidated;MT=Variable;TA=N,Q;AC=UNIMOD:7"	AC=MS:1000422;NT=HCD	10 ppm	0.02 Da	Anus
PXD020192-Sample-80	Homo sapiens	Anus	Anus	not applicable	not applicable	adult	Normal	not available	2	not available	not available	tissue	Anus 2	proteomic profiling by mass spectrometry	PXD020192	S80_Anus_2.raw	ftp://ftp.pride.ebi.ac.uk/pride/data/archive/2020/10/PXD020192/S80_Anus_2.raw	1	1	AC=MS:1002038;NT=label free sample	NT=Trypsin; AC=MS:1001251	NT=Q Exactive HF-X;AC=MS:1002877	NT=Carbamidomethyl;TA=C;MT=fixed;AC=UNIMOD:4	NT=Oxidation;MT=variable;TA=M;AC=UNIMOD:35	"NT=Deamidated;MT=Variable;TA=N,Q;AC=UNIMOD:7"	AC=MS:1000422;NT=HCD	10 ppm	0.02 Da	Anus
PXD020192-Sample-81	Homo sapiens	Bone marrow	Bone marrow	not applicable	not applicable	adult	Normal	not available	1	not available	not available	tissue	Bone marrow 1	proteomic profiling by mass spectrometry	PXD020192	S81_BoneMarrow_1.raw	ftp://ftp.pride.ebi.ac.uk/pride/data/archive/2020/10/PXD020192/S81_BoneMarrow_1.raw	1	1	AC=MS:1002038;NT=label free sample	NT=Trypsin; AC=MS:1001251	NT=Q Exactive HF-X;AC=MS:1002877	NT=Carbamidomethyl;TA=C;MT=fixed;AC=UNIMOD:4	NT=Oxidation;MT=variable;TA=M;AC=UNIMOD:35	"NT=Deamidated;MT=Variable;TA=N,Q;AC=UNIMOD:7"	AC=MS:1000422;NT=HCD	10 ppm	0.02 Da	Bone marrow
PXD020192-Sample-82	Homo sapiens	Bone marrow	Bone marrow	not applicable	not applicable	adult	Normal	not available	2	not available	not available	tissue	Bone marrow 2	proteomic profiling by mass spectrometry	PXD020192	S82_BoneMarrow_2.raw	ftp://ftp.pride.ebi.ac.uk/pride/data/archive/2020/10/PXD020192/S82_BoneMarrow_2.raw	1	1	AC=MS:1002038;NT=label free sample	NT=Trypsin; AC=MS:1001251	NT=Q Exactive HF-X;AC=MS:1002877	NT=Carbamidomethyl;TA=C;MT=fixed;AC=UNIMOD:4	NT=Oxidation;MT=variable;TA=M;AC=UNIMOD:35	"NT=Deamidated;MT=Variable;TA=N,Q;AC=UNIMOD:7"	AC=MS:1000422;NT=HCD	10 ppm	0.02 Da	Bone marrow
PXD020192-Sample-83	Homo sapiens	Fallopian tube	Fallopian tube	not applicable	not applicable	adult	Normal	not available	1	not available	not available	tissue	Fallopian tube 1	proteomic profiling by mass spectrometry	PXD020192	S83_FallopianTube_1.raw	ftp://ftp.pride.ebi.ac.uk/pride/data/archive/2020/10/PXD020192/S83_FallopianTube_1.raw	1	1	AC=MS:1002038;NT=label free sample	NT=Trypsin; AC=MS:1001251	NT=Q Exactive HF-X;AC=MS:1002877	NT=Carbamidomethyl;TA=C;MT=fixed;AC=UNIMOD:4	NT=Oxidation;MT=variable;TA=M;AC=UNIMOD:35	"NT=Deamidated;MT=Variable;TA=N,Q;AC=UNIMOD:7"	AC=MS:1000422;NT=HCD	10 ppm	0.02 Da	Fallopian tube
PXD020192-Sample-84	Homo sapiens	Fallopian tube	Fallopian tube	not applicable	not applicable	adult	Normal	not available	2	not available	not available	tissue	Fallopian tube 2	proteomic profiling by mass spectrometry	PXD020192	S84_FallopianTube_2.raw	ftp://ftp.pride.ebi.ac.uk/pride/data/archive/2020/10/PXD020192/S84_FallopianTube_2.raw	1	1	AC=MS:1002038;NT=label free sample	NT=Trypsin; AC=MS:1001251	NT=Q Exactive HF-X;AC=MS:1002877	NT=Carbamidomethyl;TA=C;MT=fixed;AC=UNIMOD:4	NT=Oxidation;MT=variable;TA=M;AC=UNIMOD:35	"NT=Deamidated;MT=Variable;TA=N,Q;AC=UNIMOD:7"	AC=MS:1000422;NT=HCD	10 ppm	0.02 Da	Fallopian tube
PXD020192-Sample-85	Homo sapiens	Parathyroid gland	Parathyroid gland	not applicable	not applicable	adult	Normal	not available	1	not available	not available	tissue	Parathyroid gland 1	proteomic profiling by mass spectrometry	PXD020192	S85_ParathyroidGland_1.raw	ftp://ftp.pride.ebi.ac.uk/pride/data/archive/2020/10/PXD020192/S85_ParathyroidGland_1.raw	1	1	AC=MS:1002038;NT=label free sample	NT=Trypsin; AC=MS:1001251	NT=Q Exactive HF-X;AC=MS:1002877	NT=Carbamidomethyl;TA=C;MT=fixed;AC=UNIMOD:4	NT=Oxidation;MT=variable;TA=M;AC=UNIMOD:35	"NT=Deamidated;MT=Variable;TA=N,Q;AC=UNIMOD:7"	AC=MS:1000422;NT=HCD	10 ppm	0.02 Da	Parathyroid gland
PXD020192-Sample-86	Homo sapiens	Parathyroid gland	Parathyroid gland	not applicable	not applicable	adult	Normal	not available	2	not available	not available	tissue	Parathyroid gland 2	proteomic profiling by mass spectrometry	PXD020192	S86_ParathyroidGland_2.raw	ftp://ftp.pride.ebi.ac.uk/pride/data/archive/2020/10/PXD020192/S86_ParathyroidGland_2.raw	1	1	AC=MS:1002038;NT=label free sample	NT=Trypsin; AC=MS:1001251	NT=Q Exactive HF-X;AC=MS:1002877	NT=Carbamidomethyl;TA=C;MT=fixed;AC=UNIMOD:4	NT=Oxidation;MT=variable;TA=M;AC=UNIMOD:35	"NT=Deamidated;MT=Variable;TA=N,Q;AC=UNIMOD:7"	AC=MS:1000422;NT=HCD	10 ppm	0.02 Da	Parathyroid gland
PXD020192-Sample-87	Homo sapiens	Tonsil	Tonsil	not applicable	not applicable	adult	Normal	not available	1	not available	not available	tissue	Tonsil 1	proteomic profiling by mass spectrometry	PXD020192	S87_Tonsil_1.raw	ftp://ftp.pride.ebi.ac.uk/pride/data/archive/2020/10/PXD020192/S87_Tonsil_1.raw	1	1	AC=MS:1002038;NT=label free sample	NT=Trypsin; AC=MS:1001251	NT=Q Exactive HF-X;AC=MS:1002877	NT=Carbamidomethyl;TA=C;MT=fixed;AC=UNIMOD:4	NT=Oxidation;MT=variable;TA=M;AC=UNIMOD:35	"NT=Deamidated;MT=Variable;TA=N,Q;AC=UNIMOD:7"	AC=MS:1000422;NT=HCD	10 ppm	0.02 Da	Tonsil
PXD020192-Sample-88	Homo sapiens	Tonsil	Tonsil	not applicable	not applicable	adult	Normal	not available	2	not available	not available	tissue	Tonsil 2	proteomic profiling by mass spectrometry	PXD020192	S88_Tonsil_2.raw	ftp://ftp.pride.ebi.ac.uk/pride/data/archive/2020/10/PXD020192/S88_Tonsil_2.raw	1	1	AC=MS:1002038;NT=label free sample	NT=Trypsin; AC=MS:1001251	NT=Q Exactive HF-X;AC=MS:1002877	NT=Carbamidomethyl;TA=C;MT=fixed;AC=UNIMOD:4	NT=Oxidation;MT=variable;TA=M;AC=UNIMOD:35	"NT=Deamidated;MT=Variable;TA=N,Q;AC=UNIMOD:7"	AC=MS:1000422;NT=HCD	10 ppm	0.02 Da	Tonsil
PXD020192-Sample-89	Homo sapiens	Ovary	Ovary	not applicable	not applicable	adult	Normal	not available	1	not available	not available	tissue	Ovary 1	proteomic profiling by mass spectrometry	PXD020192	S89_Ovary_1.raw	ftp://ftp.pride.ebi.ac.uk/pride/data/archive/2020/10/PXD020192/S89_Ovary_1.raw	1	1	AC=MS:1002038;NT=label free sample	NT=Trypsin; AC=MS:1001251	NT=Q Exactive HF-X;AC=MS:1002877	NT=Carbamidomethyl;TA=C;MT=fixed;AC=UNIMOD:4	NT=Oxidation;MT=variable;TA=M;AC=UNIMOD:35	"NT=Deamidated;MT=Variable;TA=N,Q;AC=UNIMOD:7"	AC=MS:1000422;NT=HCD	10 ppm	0.02 Da	Ovary
PXD020192-Sample-90	Homo sapiens	Ovary	Ovary	not applicable	not applicable	adult	Normal	not available	2	not available	not available	tissue	Ovary 2	proteomic profiling by mass spectrometry	PXD020192	S90_Ovary_2.raw	ftp://ftp.pride.ebi.ac.uk/pride/data/archive/2020/10/PXD020192/S90_Ovary_2.raw	1	1	AC=MS:1002038;NT=label free sample	NT=Trypsin; AC=MS:1001251	NT=Q Exactive HF-X;AC=MS:1002877	NT=Carbamidomethyl;TA=C;MT=fixed;AC=UNIMOD:4	NT=Oxidation;MT=variable;TA=M;AC=UNIMOD:35	"NT=Deamidated;MT=Variable;TA=N,Q;AC=UNIMOD:7"	AC=MS:1000422;NT=HCD	10 ppm	0.02 Da	Ovary
PXD020192-Sample-91	Homo sapiens	Skin	Skin	not applicable	not applicable	adult	Normal	not available	1	not available	not available	tissue	Skin 1	proteomic profiling by mass spectrometry	PXD020192	S91_Skin_1.raw	ftp://ftp.pride.ebi.ac.uk/pride/data/archive/2020/10/PXD020192/S91_Skin_1.raw	1	1	AC=MS:1002038;NT=label free sample	NT=Trypsin; AC=MS:1001251	NT=Q Exactive HF-X;AC=MS:1002877	NT=Carbamidomethyl;TA=C;MT=fixed;AC=UNIMOD:4	NT=Oxidation;MT=variable;TA=M;AC=UNIMOD:35	"NT=Deamidated;MT=Variable;TA=N,Q;AC=UNIMOD:7"	AC=MS:1000422;NT=HCD	10 ppm	0.02 Da	Skin
PXD020192-Sample-92	Homo sapiens	Skin	Skin	not applicable	not applicable	adult	Normal	not available	2	not available	not available	tissue	Skin 2	proteomic profiling by mass spectrometry	PXD020192	S92_Skin_2.raw	ftp://ftp.pride.ebi.ac.uk/pride/data/archive/2020/10/PXD020192/S92_Skin_2.raw	1	1	AC=MS:1002038;NT=label free sample	NT=Trypsin; AC=MS:1001251	NT=Q Exactive HF-X;AC=MS:1002877	NT=Carbamidomethyl;TA=C;MT=fixed;AC=UNIMOD:4	NT=Oxidation;MT=variable;TA=M;AC=UNIMOD:35	"NT=Deamidated;MT=Variable;TA=N,Q;AC=UNIMOD:7"	AC=MS:1000422;NT=HCD	10 ppm	0.02 Da	Skin